Repository,Language,Commits,Code_churn
https://github.com/apache/rocketmq-spring.git,Java,263,33766
https://github.com/apache/superset.git,Python,8668,8676011
../repo_buffer/lucene,Java,35491,18090814
https://github.com/apache/mina-sshd.git,Java,2447,599341
https://github.com/apache/shiro.git,Java,2203,1007674
https://github.com/apache/kafka.git,Java,9571,2752107
https://github.com/apache/geode.git,Java,10745,38325612
https://github.com/apache/incubator-streampipes.git,Java,8280,6739781
../repo_buffer/shardingsphere,Java,30756,19858314
../repo_buffer/incubator-mxnet-site,HTML,9637,122324494
https://github.com/apache/impala.git,C++,10004,17175457
../repo_buffer/pulsar,Java,7866,3814749
../repo_buffer/incubator-doris,Java,3532,2685993
https://github.com/apache/tvm.git,Python,7071,2098845
../repo_buffer/ambari,Java,24590,34602527
https://github.com/apache/incubator-kyuubi.git,Scala,1368,492804
https://github.com/apache/datasketches-cpp.git,C++,1158,423808
https://github.com/apache/commons-scxml.git,Java,1163,183889
https://github.com/apache/apisix.git,Lua,2619,315696
https://github.com/apache/incubator-brpc.git,C++,2341,1272623
../repo_buffer/netbeans,Java,6181,108362778
https://github.com/apache/druid.git,Java,11392,6640424
../repo_buffer/solr,Java,35424,18345241
https://github.com/apache/skywalking-banyandb.git,Go,157,124730
https://github.com/apache/arrow.git,C++,10406,3647023
https://github.com/apache/dolphinscheduler.git,Java,5468,6268871
https://github.com/apache/iceberg.git,Java,2067,3768527
https://github.com/apache/echarts.git,TypeScript,8202,20572579
../repo_buffer/cassandra,Java,27069,4956661
../repo_buffer/jena,Java,9401,10494102
https://github.com/apache/apisix-ingress-controller.git,Go,423,106900
https://github.com/apache/hudi.git,Java,2133,947890
../repo_buffer/spark,Scala,31733,25598902
https://github.com/apache/avro.git,Java,2931,1057276
https://github.com/apache/tomcat.git,Java,23765,3448981
https://github.com/apache/pulsar-manager.git,Java,203,125183
https://github.com/apache/logging-log4net.git,C#,1137,804271
https://github.com/apache/camel-quarkus.git,Java,3353,830736
https://github.com/apache/camel-k.git,Go,3534,6851157
https://github.com/apache/ws-axiom.git,Java,4731,988161
https://github.com/apache/spamassassin.git,Perl,26545,5843819
../repo_buffer/flink,Java,28909,19293949
../repo_buffer/incubator-heron,Java,3220,3697653
https://github.com/apache/incubator-age.git,C,326,132839
https://github.com/apache/drill.git,Java,4088,2748368
https://github.com/apache/poi.git,Java,11449,4808597
https://github.com/apache/geode-native.git,C++,1434,2038523
https://github.com/apache/airflow.git,Python,14188,2360655
https://github.com/apache/couchdb.git,Erlang,13156,2453350
https://github.com/apache/incubator-ponymail-foal.git,JavaScript,1111,47375
https://github.com/apache/pinot.git,Java,8383,5610366
https://github.com/apache/beam.git,Java,33685,22034295
https://github.com/apache/tomee-site-pub.git,HTML,27667,26155985
https://github.com/apache/pulsar-client-node.git,C++,127,66448
https://github.com/apache/groovy.git,Java,19069,4093232
https://github.com/apache/datasketches-java.git,Java,2437,773393
https://github.com/apache/commons-text.git,Java,1534,212212
https://github.com/apache/thrift.git,C++,6410,1464408
https://github.com/apache/daffodil-vscode.git,TypeScript,428,102900
https://github.com/apache/freemarker.git,Java,2295,587733
https://github.com/apache/skywalking-swck.git,Go,69,44220
https://github.com/apache/sling-site.git,HTML,1270,7720092
https://github.com/apache/airavata-data-lake.git,Java,283,139844
https://github.com/apache/trafficcontrol.git,Go,11707,11836248
../repo_buffer/hive,Java,15838,43216258
https://github.com/apache/royale-asjs.git,ActionScript,12939,11980560
https://github.com/apache/airavata-django-portal-sdk.git,Python,135,11016
../repo_buffer/isis,Java,18524,16037239
https://github.com/apache/fineract.git,Java,6357,5660840
https://github.com/apache/manifoldcf.git,Java,4926,4727457
https://github.com/apache/kudu.git,C++,9554,2043535
https://github.com/apache/qpid-site.git,HTML,528,62515557
https://github.com/apache/tinkerpop.git,Java,17751,5058911
https://github.com/apache/camel-karavan.git,TypeScript,88,217029
https://github.com/apache/qpid-dispatch.git,C,3391,4506402
https://github.com/apache/arrow-rs.git,Rust,3224,537402
https://github.com/apache/incubator-pagespeed-ngx.git,C++,1134,4695647
https://github.com/apache/synapse.git,Java,4242,8798474
https://github.com/apache/sling-org-apache-sling-testing-osgi-mock.git,Java,301,28993
https://github.com/apache/arrow-datafusion.git,Rust,3377,629085
https://github.com/apache/maven-surefire.git,Java,3010,697847
https://github.com/apache/tvm-site.git,JavaScript,202,42833
https://github.com/apache/pdfbox.git,Java,10487,2586354
https://github.com/apache/nifi.git,Java,6893,4786064
../repo_buffer/mesos,C++,18143,11218508
../repo_buffer/cloudstack,Java,34641,29402931
https://github.com/apache/arrow-site.git,Python,306,38606
https://github.com/apache/couchdb-documentation.git,Python,1257,196189
https://github.com/apache/zookeeper.git,Java,2370,874305
https://github.com/apache/activemq-artemis.git,Java,8938,9503332
https://github.com/apache/mynewt-core.git,C,10288,23325922
https://github.com/apache/apr.git,C,9003,814501
https://github.com/apache/subversion.git,C,60016,14383682
../repo_buffer/ignite,Java,27782,67993557
https://github.com/apache/accumulo-testing.git,Java,187,55874
../repo_buffer/camel,Java,55277,15134964
https://github.com/apache/incubator-yunikorn-release.git,Go,79,8106
https://github.com/apache/karaf.git,Java,8826,1227118
https://github.com/apache/incubator-nuttx.git,C,43182,25134925
https://github.com/apache/cordova-plugin-statusbar.git,Objective-C,288,24011
https://github.com/apache/cassandra-dtest.git,Python,5358,722251
https://github.com/apache/maven-site-plugin.git,Java,1341,193264
https://github.com/apache/airavata-mft.git,Java,190,59992
https://github.com/apache/skywalking-showcase.git,Makefile,53,35212
../repo_buffer/systemds,Java,7594,29413614
https://github.com/apache/kafka-site.git,HTML,532,4808791
https://github.com/apache/shardingsphere-elasticjob.git,Java,2195,1423242
../repo_buffer/ofbiz-framework,Java,28063,10483545
https://github.com/apache/iotdb.git,Java,5429,4444544
https://github.com/apache/incubator-mxnet.git,C++,11741,3836619
https://github.com/apache/myfaces-tobago.git,Java,11589,4109490
https://github.com/apache/apisix-dashboard.git,Go,953,418206
https://github.com/apache/dubbo.git,Java,5207,2583017
https://github.com/apache/plc4x.git,Java,4700,4917607
https://github.com/apache/incubator-wayang.git,Java,1448,1103898
https://github.com/apache/skywalking.git,Java,6842,5847319
https://github.com/apache/accumulo.git,Java,11071,5841970
https://github.com/apache/cordova-plugin-inappbrowser.git,Objective-C,684,90030
https://github.com/apache/rocketmq.git,Java,1845,702501
https://github.com/apache/turbine-core.git,Java,2078,672162
https://github.com/apache/flink-training.git,Java,52,17466
https://github.com/apache/cayenne.git,Java,6744,2328071
https://github.com/apache/hadoop-mapreduce.git,Java,960,1135132
https://github.com/apache/incubator-ponymail-site.git,HTML,227,21064
../repo_buffer/apisix-website,JavaScript,533,219410
../repo_buffer/camel-website,CSS,1375,5913702
https://github.com/apache/madlib.git,C++,2954,3517930
https://github.com/apache/calcite.git,Java,4770,2352166
https://github.com/apache/commons-lang.git,Java,6528,974056
https://github.com/apache/jmeter.git,Java,17522,2784811
https://github.com/apache/sling-org-apache-sling-starter.git,Java,1535,21994
https://github.com/apache/incubator-teaclave-sgx-sdk.git,Rust,599,3917191
https://github.com/apache/gobblin.git,Java,5882,2511151
https://github.com/apache/lucenenet.git,C#,6405,9913897
../repo_buffer/hadoop,Java,25437,14214779
https://github.com/apache/dubbo-spi-extensions.git,Java,130,344237
https://github.com/apache/tomee.git,Java,13941,6779569
https://github.com/apache/camel-performance-tests.git,Java,245,62720
https://github.com/apache/daffodil.git,Scala,3583,21354973
https://github.com/apache/openjpa.git,Java,5233,2413119
https://github.com/apache/camel-kamelets.git,Java,1161,148169
https://github.com/apache/logging-log4j2.git,Java,11467,1905566
https://github.com/apache/servicecomb-kie.git,Go,177,41297
https://github.com/apache/incubator-annotator.git,TypeScript,720,131763
https://github.com/apache/ozone.git,Java,4084,2169132
../repo_buffer/kylin,Java,8718,16813638
https://github.com/apache/brooklyn-ui.git,JavaScript,2303,1709956
https://github.com/apache/infrastructure-website.git,HTML,1459,1011610
https://github.com/apache/flex-sdk.git,ActionScript,33707,11158165
https://github.com/apache/maven.git,Java,11496,1756717
https://github.com/apache/httpcomponents-client.git,Java,3320,987370
https://github.com/apache/bookkeeper.git,Java,2568,1500816
../repo_buffer/hbase,Java,18848,11165368
https://github.com/apache/dolphinscheduler-website.git,JavaScript,1106,486087
https://github.com/apache/ozone-site.git,HTML,29,250722
https://github.com/apache/incubator-shenyu.git,Java,1720,730248
https://github.com/apache/ignite-extensions.git,Java,120,98248
https://github.com/apache/qpid-proton.git,C++,4409,1129127
https://github.com/apache/cordova-plugin-dialogs.git,JavaScript,309,39452
https://github.com/apache/predictionio-sdk-php.git,PHP,104,16038
https://github.com/apache/tez.git,Java,2854,910296
https://github.com/apache/jackrabbit-oak.git,Java,17384,2698679
https://github.com/apache/airflow-ci-infra.git,Python,60,5039
https://github.com/apache/camel-examples.git,,2475,403448
https://github.com/apache/camel-spring-boot.git,Java,42252,12332874
https://github.com/apache/apisix-go-plugin-runner.git,Go,62,6647
https://github.com/apache/skywalking-java.git,Java,6745,5762503
https://github.com/apache/apisix-helm-chart.git,Smarty,90,7989
https://github.com/apache/apisix-docker.git,Dockerfile,141,8101
https://github.com/apache/storm.git,Java,10462,7923801
https://github.com/apache/rocketmq-dashboard.git,Java,144,346127
../repo_buffer/openoffice,C++,7618,84016239
../repo_buffer/incubator-shenyu-website,TypeScript,574,476186
https://github.com/apache/incubator-eventmesh.git,Java,710,515564
https://github.com/apache/commons-io.git,Java,3452,359099
https://github.com/apache/servicecomb-docs.git,Python,357,68155
https://github.com/apache/dubbo-python2.git,Python,156,8058
https://github.com/apache/rya.git,Java,460,834480
https://github.com/apache/sling-org-apache-sling-servlets-resolver.git,Java,574,48450
https://github.com/apache/openwhisk.git,Scala,2928,602842
../repo_buffer/dubbo-website,HTML,246,112882
https://github.com/apache/cloudstack-go.git,Go,183,3475891
https://github.com/apache/dubbo-admin.git,Java,592,288383
https://github.com/apache/hawq.git,C,1729,10531786
https://github.com/apache/cloudstack-terraform-provider.git,Go,351,2833889
https://github.com/apache/incubator-weex-ui.git,Vue,1376,723655
https://github.com/apache/nutch.git,Java,3242,1364729
https://github.com/apache/incubator-linkis.git,Java,1288,3124524
https://github.com/apache/myfaces.git,Java,5644,2727315
https://github.com/apache/mynewt-nimble.git,C,4295,826833
https://github.com/apache/curator.git,Java,2738,1197964
https://github.com/apache/sling-org-apache-sling-launchpad-test-services.git,Java,221,19965
https://github.com/apache/rocketmq-externals.git,Java,902,8104661
https://github.com/apache/rocketmq-operator.git,Go,117,27644
https://github.com/apache/calcite-avatica-go.git,Go,200,27674
https://github.com/apache/flink-connectors.git,Kotlin,4,438
https://github.com/apache/ratis.git,Java,1215,299297
https://github.com/apache/skywalking-eyes.git,Go,132,92672
https://github.com/apache/flink-ml.git,Java,63,52870
https://github.com/apache/incubator-toree.git,Scala,1146,203973
https://github.com/apache/stratos.git,Java,8951,9225895
https://github.com/apache/skywalking-goapi.git,Shell,38,67307
https://github.com/apache/maven-toolchains-plugin.git,Java,157,5535
https://github.com/apache/cordova-android.git,JavaScript,4005,1341179
https://github.com/apache/cordova-ios.git,JavaScript,3908,2435411
https://github.com/apache/datasketches-postgresql.git,C,167,16796
https://github.com/apache/datasketches-memory.git,Java,839,178856
https://github.com/apache/datasketches.git,,619,854590
https://github.com/apache/commons-validator.git,Java,1548,174604
https://github.com/apache/incubator-inlong-website.git,JavaScript,264,1045091
https://github.com/apache/opennlp.git,Java,1894,1075884
https://github.com/apache/skywalking-query-protocol.git,,141,1967
https://github.com/apache/dubbo-go-pixiu.git,Go,1257,1755330
https://github.com/apache/atlas.git,Java,3614,1863834
https://github.com/apache/shardingsphere-example.git,Java,1437,298511
https://github.com/apache/incubator-teaclave.git,Rust,624,297111
https://github.com/apache/camel-kafka-connector.git,Java,1929,2998644
https://github.com/apache/parquet-mr.git,Java,2317,1110590
https://github.com/apache/log4j.git,Java,3275,832263
https://github.com/apache/incubator-inlong.git,Java,725,1041437
https://github.com/apache/nano.git,JavaScript,721,88127
../repo_buffer/httpd,C,32781,7959847
https://github.com/apache/dubbo-go.git,Go,8161,4183933
https://github.com/apache/rocketmq-flink.git,Java,56,13622
https://github.com/apache/activemq.git,Java,10951,3381900
https://github.com/apache/trafficserver.git,C++,13782,4262558
https://github.com/apache/trafficserver-site.git,HTML,68,6499
https://github.com/apache/systemds-website.git,HTML,257,135282
https://github.com/apache/ofbiz-plugins.git,Java,4361,2309518
https://github.com/apache/tika-docker.git,Shell,62,1737
https://github.com/apache/commons-fileupload.git,Java,1184,68825
https://github.com/apache/pinot-site.git,HTML,116,372622
https://github.com/apache/incubator-ponymail.git,JavaScript,2492,121392
../repo_buffer/hbase-site,,3887,373573925
https://github.com/apache/dubbo-rpc-jsonrpc.git,Java,41,1681
https://github.com/apache/libcloud.git,Python,8845,4567670
https://github.com/apache/jspwiki.git,Java,9020,2622165
https://github.com/apache/tika.git,Java,5509,12606849
https://github.com/apache/submarine-site.git,HTML,246,229964
https://github.com/apache/submarine.git,Java,816,625433
https://github.com/apache/incubator-yunikorn-core.git,Go,457,1437745
https://github.com/apache/incubator-yunikorn-k8shim.git,Go,407,6989175
https://github.com/apache/cxf.git,Java,16541,3789462
https://github.com/apache/pulsar-site.git,HTML,3,20614698
https://github.com/apache/pulsar-release.git,Java,783,117594
https://github.com/apache/commons-beanutils.git,Java,1406,251924
https://github.com/apache/pulsar-translation.git,,54,3982
https://github.com/apache/incubator-nuttx-apps.git,C,5577,2328202
https://github.com/apache/airflow-site.git,HTML,375,37202898
https://github.com/apache/rocketmq-client-cpp.git,C++,336,1474205
../repo_buffer/shardingsphere-doc,HTML,3118,66669524
https://github.com/apache/datafu.git,Java,577,655437
../repo_buffer/echarts-examples,TypeScript,730,2868553
https://github.com/apache/asterixdb.git,Java,8599,24174263
https://github.com/apache/dubbo-getty.git,Go,557,152017
https://github.com/apache/cordova-osx.git,Objective-C,268,4396602
https://github.com/apache/metron.git,Java,1453,2009710
https://github.com/apache/struts-examples.git,Java,1110,313080
https://github.com/apache/incubator-pegasus.git,C++,583,731872
https://github.com/apache/syncope.git,Java,7574,3262972
https://github.com/apache/phoenix-omid.git,Java,1315,387597
https://github.com/apache/dubbo-go-samples.git,Go,464,718993
https://github.com/apache/yetus.git,Shell,1364,135834
https://github.com/apache/cordova-plugin-geolocation.git,JavaScript,333,56850
https://github.com/apache/camel-k-examples.git,Java,90,13511
../repo_buffer/iotdb-website,HTML,323,7525527
https://github.com/apache/couchdb-pkg.git,Shell,120,31042
https://github.com/apache/dubbo-spring-boot-project.git,Java,287,73152
https://github.com/apache/couchdb-b64url.git,C,39,2849
https://github.com/apache/bigtop.git,Groovy,2719,3016378
https://github.com/apache/wicket.git,Java,21175,6096141
https://github.com/apache/flink-statefun.git,Java,784,365857
https://github.com/apache/plc4x-website.git,HTML,539,8592251
https://github.com/apache/brooklyn-dist.git,Shell,910,144827
https://github.com/apache/brooklyn-server.git,Java,13460,3046908
https://github.com/apache/plc4x-build-tools.git,Java,180,28379
https://github.com/apache/camel-kameleon.git,Java,105,53947
https://github.com/apache/airflow-client-python.git,Python,23,70507
https://github.com/apache/guacamole-server.git,C,3427,575138
https://github.com/apache/cxf-fediz.git,Java,1831,318928
https://github.com/apache/commons-compress.git,Java,3351,409532
https://github.com/apache/zeppelin.git,Java,5012,2450593
https://github.com/apache/incubator-livy.git,Scala,475,127791
https://github.com/apache/sling-org-apache-sling-testing-clients.git,Java,164,15512
https://github.com/apache/eagle.git,Java,1050,1107779
https://github.com/apache/dubbo-samples.git,Java,993,931723
https://github.com/apache/incubator-shenyu-dashboard.git,JavaScript,198,116792
https://github.com/apache/parquet-format.git,Java,308,14031
https://github.com/apache/sling-org-apache-sling-discovery-standalone.git,Java,40,2282
https://github.com/apache/unomi.git,Java,2394,738923
https://github.com/apache/skywalking-nginx-lua.git,Lua,112,23500
https://github.com/apache/mahout.git,Java,4506,3106986
https://github.com/apache/flink-docker.git,Shell,267,422889
https://github.com/apache/ignite-3.git,Java,472,654329
https://github.com/apache/royale-compiler.git,Java,4427,4049269
https://github.com/apache/dubbo-go-hessian2.git,Go,724,114062
https://github.com/apache/openwhisk-website.git,HTML,416,114964
https://github.com/apache/openmeetings.git,Java,3394,1055324
https://github.com/apache/calcite-avatica.git,Java,2716,2086828
https://github.com/apache/skywalking-rocketbot-ui.git,Vue,492,284555
https://github.com/apache/directory-server.git,Java,9837,5661252
https://github.com/apache/ranger.git,Java,3725,2029045
https://github.com/apache/cordova-coho.git,JavaScript,1017,108349
https://github.com/apache/mina.git,Java,2401,749618
https://github.com/apache/skywalking-kubernetes-event-exporter.git,Go,22,7553
https://github.com/apache/cassandra-website.git,CSS,536,5883534
https://github.com/apache/sling-org-apache-sling-feature-extension-apiregions.git,Java,246,30811
https://github.com/apache/comdev-site.git,HTML,522,70919
https://github.com/apache/guacamole-client.git,Java,5940,1406969
https://github.com/apache/couchdb-fauxton.git,JavaScript,1951,1663218
https://github.com/apache/servicemix.git,Java,407,126761
https://github.com/apache/activemq-apollo.git,Java,2244,1322135
https://github.com/apache/commons-collections.git,Java,3633,970286
https://github.com/apache/jackrabbit.git,Java,8922,3368622
../repo_buffer/ofbiz,Java,24427,12010646
https://github.com/apache/incubator-nemo.git,Java,630,329240
https://github.com/apache/felix-dev.git,Java,16227,4513690
https://github.com/apache/james-project.git,Java,12844,3003402
https://github.com/apache/helix.git,Java,4127,2571150
https://github.com/apache/carbondata.git,Scala,4917,5871501
https://github.com/apache/hbase-filesystem.git,Java,38,8540
https://github.com/apache/samza.git,Java,2417,1125988
https://github.com/apache/parquet-cpp.git,C++,502,139077
https://github.com/apache/tvm-rfcs.git,,35,7030
https://github.com/apache/skywalking-banyandb-java-client.git,Java,34,15412
https://github.com/apache/incubator-crail.git,Java,436,85040
https://github.com/apache/allura.git,Python,9976,872233
https://github.com/apache/xerces-c.git,C++,6461,3955381
https://github.com/apache/camel-spring-boot-examples.git,Java,134,40170
https://github.com/apache/cordova-plugin-wkwebview-engine.git,Objective-C,154,6567
https://github.com/apache/brooklyn-library.git,Java,3787,1009849
https://github.com/apache/servicecomb-java-chassis.git,Java,3062,1419519
https://github.com/apache/commons-csv.git,Java,1696,113903
https://github.com/apache/cordova-plugins.git,,223,251561
https://github.com/apache/pig.git,Java,3696,2072806
https://github.com/apache/bahir-flink.git,Java,128,40049
https://github.com/apache/commons-math.git,Java,6934,3293416
https://github.com/apache/struts.git,Java,6133,5869680
https://github.com/apache/aries-jax-rs-whiteboard.git,Java,715,99903
https://github.com/apache/datasketches-website.git,HTML,1010,1796047
https://github.com/apache/sling-org-apache-sling-testing-sling-mock.git,Java,489,35937
https://github.com/apache/maven-resolver.git,Java,764,198341
https://github.com/apache/sling-org-apache-sling-feature-launcher.git,Java,206,10331
https://github.com/apache/drill-site.git,HTML,1450,5992739
https://github.com/apache/cordova-app-hello-world.git,CSS,193,10206
https://github.com/apache/knox.git,Java,2562,1001412
https://github.com/apache/cordova-docs.git,JavaScript,3295,9037565
https://github.com/apache/solr-operator.git,Go,221,234595
https://github.com/apache/servicemix-bundles.git,Java,21531,1202985
https://github.com/apache/kibble-1.git,Python,667,77574
https://github.com/apache/couchdb-erlfdb.git,Erlang,137,14923
https://github.com/apache/ignite-teamcity-bot.git,Java,811,165160
https://github.com/apache/echarts-theme-builder.git,JavaScript,160,189712
https://github.com/apache/maven-release.git,Java,1039,194078
https://github.com/apache/tomcat-jakartaee-migration.git,Java,171,5923
https://github.com/apache/pulsar-test-infra.git,TypeScript,20,1662187
https://github.com/apache/bahir-website.git,CSS,145,68207
https://github.com/apache/maven-site.git,CSS,4321,275815
https://github.com/apache/incubator-hop.git,Java,3178,14863283
https://github.com/apache/cordova-plugman.git,JavaScript,1042,1837029
https://github.com/apache/cordova.git,,28,879
https://github.com/apache/servicecomb-pack.git,Java,1596,337139
https://github.com/apache/incubator-weex.git,C++,12026,28409551
https://github.com/apache/openwhisk-workshop.git,JavaScript,52,3700
https://github.com/apache/cordova-plugin-screen-orientation.git,JavaScript,202,13890
../repo_buffer/lucene-solr,,34919,18873589
https://github.com/apache/singa.git,C++,2360,1650906
https://github.com/apache/httpcomponents-website.git,CSS,217,40303
https://github.com/apache/infrastructure-puppet.git,Python,12695,954366
https://github.com/apache/dubbo-js.git,TypeScript,606,761030
https://github.com/apache/aurora.git,Java,4091,1475185
../repo_buffer/usergrid,Java,10954,26790556
https://github.com/apache/cordova-plugin-file.git,JavaScript,707,159418
https://github.com/apache/cordova-plugin-network-information.git,Objective-C,297,30261
https://github.com/apache/predictionio.git,Scala,4495,2600389
https://github.com/apache/cordova-js.git,JavaScript,2004,313099
https://github.com/apache/flume.git,Java,1818,835995
https://github.com/apache/incubator-pagespeed-mod.git,C++,5026,6081777
https://github.com/apache/pulsar-client-go.git,Go,414,128387
https://github.com/apache/datasketches-characterization.git,Java,416,178415
https://github.com/apache/incubator-nuttx-website.git,SCSS,101,45242
https://github.com/apache/ant.git,Java,14799,3070817
https://github.com/apache/buildr.git,Ruby,4385,2131195
https://github.com/apache/phoenix.git,Java,3581,1565498
https://github.com/apache/hbase-thirdparty.git,Java,188,10843
https://github.com/apache/tvm-vta.git,Scala,227,100340
https://github.com/apache/incubator-yunikorn-site.git,JavaScript,149,89843
https://github.com/apache/cordova-plugin-file-transfer.git,JavaScript,515,69059
https://github.com/apache/flink-benchmarks.git,Java,164,24023
https://github.com/apache/xmlgraphics-batik.git,Java,3524,1730648
https://github.com/apache/skywalking-client-js.git,TypeScript,188,64710
https://github.com/apache/commons-chain.git,Java,682,110147
https://github.com/apache/skywalking-cli.git,Go,150,40683
https://github.com/apache/skywalking-rust.git,Rust,13,2784
https://github.com/apache/commons-jexl.git,Java,1935,364364
https://github.com/apache/incubator-age-viewer.git,JavaScript,486,1456408
https://github.com/apache/tika-helm.git,Smarty,23,6679
../repo_buffer/roller,Java,4684,5391639
https://github.com/apache/sqoop.git,Java,969,317927
https://github.com/apache/incubator-tuweni.git,Java,974,8437044
https://github.com/apache/airflow-on-k8s-operator.git,Go,17,10513116
https://github.com/apache/openwhisk-runtime-python.git,Jupyter Notebook,842,147392
https://github.com/apache/druid-website.git,HTML,292,3692583
https://github.com/apache/druid-website-src.git,HTML,561,2795557
https://github.com/apache/solr-site.git,HTML,1718,77563410
https://github.com/apache/flink-statefun-playground.git,,5,238
https://github.com/apache/maven-resolver-ant-tasks.git,Java,173,19091
https://github.com/apache/incubator-sdap-nexus.git,Python,130,242366
https://github.com/apache/griffin.git,Scala,638,2660035
https://github.com/apache/sling-whiteboard.git,Java,1663,766282
https://github.com/apache/commons-pool.git,Java,2398,287024
https://github.com/apache/openoffice-externals.git,,3,7
https://github.com/apache/brooklyn-docs.git,JavaScript,1875,547983
https://github.com/apache/arrow-cookbook.git,C++,67,7006
https://github.com/apache/ignite-website.git,HTML,2226,52472875
https://github.com/apache/incubator-pagespeed-cpanel.git,Perl,39,1464
https://github.com/apache/nifi-minifi-cpp.git,C++,1148,8184118
https://github.com/apache/dubbo-kubernetes.git,Java,21,2698
https://github.com/apache/superset-site.git,HTML,149,575955
https://github.com/apache/arrow-testing.git,Shell,92,3025
https://github.com/apache/incubator-teaclave-trustzone-sdk.git,Rust,353,69233
https://github.com/apache/directory-ldap-api.git,Java,5887,6063855
https://github.com/apache/ofbiz-site.git,HTML,375,984893
https://github.com/apache/mynewt-newt.git,Go,1575,3904241
https://github.com/apache/activemq-artemis-native.git,Java,164,14164
https://github.com/apache/streams.git,Java,1781,1406107
https://github.com/apache/commons-configuration.git,Java,3415,935281
../repo_buffer/hadoop-site,,217,174769705
https://github.com/apache/maven-compiler-plugin.git,Java,706,46003
https://github.com/apache/commons-dbcp.git,Java,2477,268753
https://github.com/apache/commons-release-plugin.git,Java,560,27599
https://github.com/apache/commons-digester.git,Java,2193,356270
https://github.com/apache/maven-shared-utils.git,Java,478,71692
https://github.com/apache/lucene-site.git,CSS,1745,77638119
https://github.com/apache/commons-statistics.git,Java,410,106344
https://github.com/apache/maven-dist-tool.git,,338,15935
https://github.com/apache/maven-plugin-tools.git,Java,1072,103048
https://github.com/apache/commons-bcel.git,Java,1753,557589
https://github.com/apache/commons-functor.git,Java,861,169961
https://github.com/apache/commons-jelly.git,Java,1945,420901
https://github.com/apache/commons-parent.git,,1060,25118
https://github.com/apache/maven-dependency-analyzer.git,Java,264,15270
https://github.com/apache/commons-email.git,Java,941,50428
https://github.com/apache/commons-daemon.git,C,1287,133518
https://github.com/apache/tomcat-native.git,C,1171,77792
https://github.com/apache/commons-numbers.git,Java,1183,9550221
https://github.com/apache/maven-file-management.git,Java,151,7050
https://github.com/apache/httpd-tests.git,Perl,2355,103698
https://github.com/apache/skywalking-agent-test-tool.git,Java,33,16249
https://github.com/apache/maven-pdf-plugin.git,Java,332,20535
https://github.com/apache/commons-cli.git,Java,1105,222970
https://github.com/apache/freemarker-generator.git,Java,55,64278
https://github.com/apache/maven-studies.git,,2,23
https://github.com/apache/maven-dependency-tree.git,Java,249,27791
https://github.com/apache/commons-exec.git,Java,700,36286
https://github.com/apache/dubbo-docs.git,,107,9339018
https://github.com/apache/tomee-jakarta.git,Java,190,232097
https://github.com/apache/hbase-native-client.git,C++,150,59630
https://github.com/apache/activemq-cli-tools.git,Java,47,5094
../repo_buffer/dubbo-awesome,,12,94
https://github.com/apache/dubbo-proxy.git,Java,15,1716
https://github.com/apache/commons-codec.git,Java,2147,194252
https://github.com/apache/climate.git,Jupyter Notebook,2241,907925
https://github.com/apache/stdcxx.git,C++,2185,1552441
https://github.com/apache/activemq-cpp.git,C++,3212,2245284
https://github.com/apache/cordova-plugin-splashscreen.git,Java,393,26494
https://github.com/apache/directory-buildtools.git,Java,145,10686
https://github.com/apache/sling-org-apache-sling-testing-sling-mock-oak.git,Java,138,4305
https://github.com/apache/shardingsphere-elasticjob-cloud.git,Java,47,168788
https://github.com/apache/openwhisk-devtools.git,JavaScript,184,26972
https://github.com/apache/rocketmq-exporter.git,Java,94,28753
https://github.com/apache/struts-site.git,HTML,1198,2764067
https://github.com/apache/httpcomponents-core.git,Java,3638,858836
https://github.com/apache/orc.git,HTML,1043,2480164
https://github.com/apache/qpid-broker-j.git,Java,9006,4213420
https://github.com/apache/qpid.git,Java,14182,8993520
https://github.com/apache/sling-samples.git,Java,454,327400
https://github.com/apache/sling-org-apache-sling-app-cms.git,Java,979,399226
https://github.com/apache/flink-shaded.git,Shell,119,9247
https://github.com/apache/echarts-doc.git,JavaScript,2171,26615561
https://github.com/apache/cordova-plugin-contacts.git,JavaScript,440,85824
https://github.com/apache/commons-logging.git,Java,1017,80954
https://github.com/apache/activemq-website.git,HTML,380,171860367
https://github.com/apache/rocketmq-cloudevents.git,Java,7,1297
https://github.com/apache/rocketmq-streams.git,Java,117,337623
https://github.com/apache/maven-dependency-plugin.git,Java,1075,153076
https://github.com/apache/xalan-c.git,C++,4497,2426288
https://github.com/apache/maven-enforcer.git,Java,689,99733
https://github.com/apache/sling-org-apache-sling-jcr-jackrabbit-usermanager.git,Java,206,30177
https://github.com/apache/unomi-site.git,HTML,102,66600
https://github.com/apache/maven-archetype.git,Java,1245,285712
https://github.com/apache/cassandra-harry.git,Java,33,33144
https://github.com/apache/couchdb-infra-cm.git,Python,35,3129
https://github.com/apache/nifi-site.git,Handlebars,322,24237
https://github.com/apache/jena-site.git,HTML,1604,8585850
https://github.com/apache/airflow-client-go.git,Go,11,61879
../repo_buffer/juneau,Java,2729,5940654
https://github.com/apache/incubator-eventmesh-site.git,HTML,54,35962
https://github.com/apache/servicecomb-service-center.git,Go,1343,5775784
../repo_buffer/skywalking-website,CSS,620,501465
https://github.com/apache/cloudstack-documentation.git,Python,346,268196
https://github.com/apache/sling-org-apache-sling-feature-cpconverter.git,Java,465,51756
https://github.com/apache/celix.git,C,2584,1644493
https://github.com/apache/royale-docs.git,Sass,975,42939
https://github.com/apache/dubbo-erlang.git,Erlang,116,36346
https://github.com/apache/cloudstack-www.git,HTML,276,6245837
https://github.com/apache/rocketmq-client-go.git,Go,379,85426
../repo_buffer/www-site,HTML,612,2642936
https://github.com/apache/rocketmq-client-nodejs.git,C++,15,3764
https://github.com/apache/netbeans-website.git,SCSS,1453,2338408
https://github.com/apache/maven-integration-testing.git,Java,2334,353835
https://github.com/apache/ws-wss4j.git,Java,2742,1050923
https://github.com/apache/incubator-yunikorn-web.git,TypeScript,82,33439
https://github.com/apache/skywalking-infra-e2e.git,Go,65,30126
https://github.com/apache/skywalking-kubernetes.git,Smarty,130,32520
../repo_buffer/joshua,Java,4256,6740245
https://github.com/apache/iotdb-client-go.git,Go,25,103652
https://github.com/apache/phoenix-connectors.git,Java,65,67856
https://github.com/apache/skywalking-python.git,Python,186,27415
https://github.com/apache/skywalking-docker.git,Dockerfile,69,15062
https://github.com/apache/maven-artifact-plugin.git,Java,120,8256
https://github.com/apache/incubator-weex-site.git,SCSS,715,301491
https://github.com/apache/commons-dbutils.git,Java,789,65213
https://github.com/apache/mnemonic.git,Java,614,94085
https://github.com/apache/cordova-plugin-media.git,JavaScript,409,65485
https://github.com/apache/ratis-thirdparty.git,Shell,45,5197
https://github.com/apache/pulsar-helm-chart.git,Shell,107,23601
https://github.com/apache/cordova-plugin-battery-status.git,JavaScript,237,26894
https://github.com/apache/cordova-plugin-device.git,JavaScript,311,31502
https://github.com/apache/cordova-plugin-device-orientation.git,JavaScript,227,30216
https://github.com/apache/cordova-plugin-vibration.git,JavaScript,332,42569
https://github.com/apache/cordova-plugin-device-motion.git,JavaScript,271,40245
https://github.com/apache/commons-ognl.git,Java,760,147399
https://github.com/apache/apisix-java-plugin-runner.git,Java,46,10494
https://github.com/apache/incubator-liminal.git,Python,142,35388
../repo_buffer/incubator-sedona,Java,895,12610645
https://github.com/apache/metron-bro-plugin-kafka.git,Shell,48,11094
https://github.com/apache/couchdb-docker.git,Shell,231,13782
https://github.com/apache/maven-doxia-converter.git,Java,153,10905
https://github.com/apache/samza-beam-examples.git,Java,8,2366
https://github.com/apache/tapestry-5.git,Java,5604,2852833
https://github.com/apache/flink-playgrounds.git,Java,32,4327
https://github.com/apache/axis-axis2-java-core.git,Java,13853,6171596
https://github.com/apache/tcl-site.git,HTML,475,189809
https://github.com/apache/directory-fortress-core.git,Java,1888,506188
https://github.com/apache/cloudstack-kubernetes-provider.git,Go,84,20503771
https://github.com/apache/camel-karaf.git,Java,799,67344
https://github.com/apache/oozie.git,Java,2367,743715
https://github.com/apache/ws-neethi.git,Java,408,143069
https://github.com/apache/activemq-nms-amqp.git,C#,195,235623
https://github.com/apache/skywalking-data-collect-protocol.git,Starlark,118,4309
https://github.com/apache/tcl-rivet.git,C,1308,626890
https://github.com/apache/servicecomb-mesher.git,Go,140,61443
https://github.com/apache/shardingsphere-elasticjob-ui.git,Java,242,92381
https://github.com/apache/cassandra-sidecar.git,Java,26,10096
https://github.com/apache/infrastructure-pelican.git,Python,90,5665
https://github.com/apache/groovy-dev-site.git,HTML,109,25244
https://github.com/apache/groovy-website.git,Groovy,248,77853
https://github.com/apache/maven-indexer.git,Java,468,85903
https://github.com/apache/whimsy.git,Ruby,7232,483319
https://github.com/apache/sling-org-apache-sling-pipes.git,Java,270,29163
https://github.com/apache/pulsar-dotpulsar.git,C#,198,68138
https://github.com/apache/uima-uimaj.git,Java,7308,8439890
https://github.com/apache/jclouds-site.git,HTML,923,2282747
https://github.com/apache/couchdb-couch-plugins.git,Erlang,37,1330
https://github.com/apache/camel-quarkus-examples.git,Java,109,20958
https://github.com/apache/sling-org-apache-sling-i18n.git,Java,148,12725
https://github.com/apache/jackrabbit-filevault.git,Java,836,198086
https://github.com/apache/ignite-python-thin-client.git,Python,62,48142
https://github.com/apache/rocketmq-docker.git,Shell,63,8953
https://github.com/apache/rocketmq-apis.git,Starlark,20,2330
https://github.com/apache/olingo-odata4.git,Java,1895,2865492
https://github.com/apache/commons-imaging.git,Java,1540,578510
https://github.com/apache/trafficserver-ci.git,Shell,193,20324
https://github.com/apache/maven-gh-actions-shared.git,,24,779
../repo_buffer/openoffice-org,HTML,1458,12859035
https://github.com/apache/airavata-django-portal.git,Python,1842,3169015
https://github.com/apache/couchdb-helm.git,Mustache,55,3999
https://github.com/apache/rocketmq-site.git,SCSS,475,257544
https://github.com/apache/netbeans-jenkins-lib.git,Groovy,255,4187
https://github.com/apache/incubator-streampipes-examples.git,Java,40,6683
https://github.com/apache/kibble.git,Python,6,2655
https://github.com/apache/infrastructure-test.git,,142,1465
https://github.com/apache/sling-org-apache-sling-feature-analyser.git,Java,330,25321
https://github.com/apache/maven-shade-plugin.git,Java,605,70839
https://github.com/apache/echarts-handbook.git,Vue,273,132513
https://github.com/apache/skywalking-satellite.git,Go,88,67455
https://github.com/apache/skywalking-nodejs.git,TypeScript,83,48588
https://github.com/apache/maven-sources.git,,58,1341
https://github.com/apache/commons-net.git,Java,2502,449640
https://github.com/apache/mnemonic-site.git,SCSS,84,16443
https://github.com/apache/felix-atomos.git,Java,337,124535
https://github.com/apache/openwhisk-external-resources.git,,54,759
https://github.com/apache/openwhisk-pluggable-provider.git,JavaScript,150,28531
https://github.com/apache/openwhisk-package-pushnotifications.git,JavaScript,88,5014
https://github.com/apache/openwhisk-runtime-ballerina.git,Java,27,3222
https://github.com/apache/openwhisk-package-deploy.git,Scala,22,2486
https://github.com/apache/steve.git,Python,387,77249
https://github.com/apache/infrastructure-roundtrip.git,Python,25,993
https://github.com/apache/gobblin-site.git,HTML,55,84059
https://github.com/apache/incubator-flagon-userale-pyqt5.git,Python,43,6352
https://github.com/apache/incubator-flagon-tap.git,JavaScript,87,538413
https://github.com/apache/incubator-flagon-stout.git,HTML,263,125540
https://github.com/apache/incubator-flagon-user-ale.git,JavaScript,117,307814
https://github.com/apache/geronimo-config.git,Java,111,10826
https://github.com/apache/incubator-milagro-crypto-c.git,C,168,648526
https://github.com/apache/netbeans-mavenutils-nbm-shared.git,Java,1238,103738
https://github.com/apache/netbeans-mavenutils-nb-repository-plugin.git,Java,1247,103501
https://github.com/apache/freemarker-online-tester.git,Java,75,17827
https://github.com/apache/freemarker-site.git,HTML,256,18331
https://github.com/apache/netbeans-mavenutils-archetype-nbm-archetype.git,Groovy,1234,104398
https://github.com/apache/netbeans-mavenutils-archetype-nbm-suite-root.git,Groovy,1234,104371
https://github.com/apache/netbeans-mavenutils-archetype-netbeans-platform-app-archetype.git,Java,1235,104202
https://github.com/apache/netbeans-mavenutils-parent.git,Groovy,1234,104521
https://github.com/apache/netbeans-parent.git,Groovy,1226,104457
https://github.com/apache/netbeans-webskin.git,JavaScript,1230,103856
https://github.com/apache/netbeans-mavenutils-nbm-maven-harness.git,Java,1244,104454
https://github.com/apache/chemistry-opencmis.git,Java,2234,1138307
https://github.com/apache/mina-ftpserver.git,Java,1000,566449
https://github.com/apache/velocity-master.git,,38,937
https://github.com/apache/uima-build-resources.git,XSLT,75,5714
https://github.com/apache/geronimo-website.git,HTML,7,4717
https://github.com/apache/datasketches-pig.git,Java,345,100471
https://github.com/apache/fineract-cn-reporting.git,Java,57,21511
https://github.com/apache/fineract-cn-api.git,Java,38,4693
https://github.com/apache/fineract-cn-office.git,Java,63,26743
https://github.com/apache/ace.git,Java,1603,1036811
https://github.com/apache/geode-kafka-connector.git,Java,84,16123
https://github.com/apache/jmeter-site-preview.git,HTML,27,2180684
https://github.com/apache/airflow-configure-aws-credentials.git,JavaScript,258,88728
https://github.com/apache/airflow-JamesIves-github-pages-deploy-action.git,TypeScript,761,12493786
https://github.com/apache/geronimo-jwt-auth.git,Java,56,4921
https://github.com/apache/bahir.git,Scala,407,91555
https://github.com/apache/nifi-minifi.git,Java,200,101101
https://github.com/apache/incubator-liminal-site.git,HTML,16,11808
https://github.com/apache/cloudstack-primate.git,Vue,881,428921
https://github.com/apache/fineract-cn-crypto.git,Java,22,2748
https://github.com/apache/fineract-cn-template.git,Java,45,5333
https://github.com/apache/fineract-cn-rhythm.git,Java,115,20107
https://github.com/apache/groovy-examples.git,Groovy,5,7128
https://github.com/apache/crunch.git,Java,1093,487590
https://github.com/apache/flex-blazeds.git,Java,114,811912
https://github.com/apache/openoffice-mwiki.git,CSS,16,1858
https://github.com/apache/comdev-fosdem-content.git,HTML,17,847
https://github.com/apache/comdev-fosdem-static.git,,11,203
https://github.com/apache/fineract-cn-data-jpa.git,Java,21,2862
https://github.com/apache/fineract-cn-command.git,Java,32,4001
https://github.com/apache/incubator-flagon-distill.git,Python,103,13413
https://github.com/apache/accumulo-classloaders.git,Java,13,7014
https://github.com/apache/yetus-test-patch-action.git,Shell,13,638
https://github.com/apache/geronimo-openapi.git,Java,149,20070
https://github.com/apache/airflow-helm-unittest.git,Go,221,58648
https://github.com/apache/logging-site.git,HTML,6,37240990
https://github.com/apache/cordova-discuss.git,,145,5479
https://github.com/apache/logging-log4php-site.git,,1,15
https://github.com/apache/logging-log4php.git,PHP,929,211781
https://github.com/apache/dubbo-python.git,Python,73,3490
https://github.com/apache/axis-axis1-java.git,Java,13220,3886962
https://github.com/apache/openoffice-forums.git,,8,28
https://github.com/apache/derby.git,Java,8269,6383370
https://github.com/apache/airflow-cancel-workflow-runs.git,TypeScript,44,58390
https://github.com/apache/airflow-get-workflow-origin.git,TypeScript,8,37300
https://github.com/apache/airflow-label-when-approved.git,TypeScript,9,37809
https://github.com/apache/airflow-github-push-action.git,JavaScript,69,672
https://github.com/apache/airflow-checks-action.git,TypeScript,27,19302
https://github.com/apache/airflow-codecov-action.git,JavaScript,367,1155538
https://github.com/apache/airflow-pre-commit-action.git,JavaScript,68,9367
https://github.com/apache/rya-site.git,SCSS,31,22389
https://github.com/apache/couchdb-lager.git,Erlang,453,28373
https://github.com/apache/mina-vysper.git,Java,773,186510
https://github.com/apache/royale-website.git,,8,429
https://github.com/apache/fineract-cn-payroll.git,Java,62,18284
https://github.com/apache/juneau-petstore.git,Java,56,68681
https://github.com/apache/incubator-nemo-website.git,HTML,67,3781715
https://github.com/apache/incubator-bluemarlin.git,Python,161,2046585
https://github.com/apache/fineract-cn-interoperation.git,Java,6,6146
https://github.com/apache/mynewt-mcumgr-cli.git,Go,10,469
https://github.com/apache/shardingsphere-externals.git,,4,421
https://github.com/apache/mynewt-imgmod.git,Go,31,4078
https://github.com/apache/pulsar-presto.git,Java,250,30472
https://github.com/apache/pulsar-connectors.git,Java,344,81909
https://github.com/apache/griffin-site.git,CSS,141,2362454
https://github.com/apache/ignite-php-thin-client.git,PHP,5,16305
https://github.com/apache/phoenix-omid-site.git,HTML,1,7269
https://github.com/apache/logging-log4j-scala.git,Scala,148,20846
https://github.com/apache/karaf-winegrower.git,Java,271,28378
https://github.com/apache/abdera.git,Java,1500,587417
https://github.com/apache/cordova-node-xcode.git,JavaScript,398,115518
https://github.com/apache/ambari-logsearch.git,Java,646,1391243
https://github.com/apache/ambari-infra.git,Java,187,65784
https://github.com/apache/archiva-jenkins-lib.git,Groovy,32,407
https://github.com/apache/ambari-metrics.git,Java,624,522998
https://github.com/apache/uima-uimacpp.git,C++,311,342166
https://github.com/apache/geronimo-microprofile.git,Java,51,9112
https://github.com/apache/couchdb-bear.git,Erlang,39,2167
https://github.com/apache/couchdb-escodegen.git,JavaScript,550,109103
https://github.com/apache/couchdb-esprima.git,TypeScript,1214,9181560
https://github.com/apache/couchdb-ets-lru.git,Erlang,31,4335
https://github.com/apache/couchdb-hqueue.git,C,5,1759
https://github.com/apache/couchdb-khash.git,C,25,5810
https://github.com/apache/couchdb-local.git,Erlang,16,1937
https://github.com/apache/couchdb-thrift-protocol.git,Erlang,26,1327
https://github.com/apache/asterixdb-bad.git,Java,111,29890
https://github.com/apache/incubator-sdap-website.git,JavaScript,22,22802
https://github.com/apache/nifi-standard-libraries.git,,3,843
https://github.com/apache/nifi-fds.git,HTML,78,72717
https://github.com/apache/accumulo-pig.git,Java,9,4081
https://github.com/apache/fluo-docker.git,Dockerfile,15,798
https://github.com/apache/accumulo-bsp.git,Java,9,1348
https://github.com/apache/accumulo-instamo-archetype.git,Java,64,7763
https://github.com/apache/cayenne-examples.git,Java,10,2182
https://github.com/apache/accumulo-maven-plugin.git,Java,195,5998
https://github.com/apache/fluo-bytes.git,,8,461
https://github.com/apache/fluo-recipes.git,Java,194,47716
https://github.com/apache/fluo-yarn.git,Shell,24,2746
https://github.com/apache/fluo-examples.git,Java,366,98525
https://github.com/apache/infrastructure-otp.git,Python,22,1609
https://github.com/apache/httpd-mod_fcgid.git,C,522,62908
../repo_buffer/juneau-website,HTML,650,38997410
../repo_buffer/cocoon,Java,13161,5668473
https://github.com/apache/beam-wheels.git,Shell,29,425
https://github.com/apache/infrastructure-mailstats.git,Python,6,310
https://github.com/apache/incubator-mxnet-examples.git,,2,57
https://github.com/apache/dubbo-php-framework.git,PHP,32,836405
https://github.com/apache/shardingsphere-acceptance-test.git,Java,252,107082
https://github.com/apache/ant-antlibs-props.git,Java,65,4631
https://github.com/apache/maven-ant-tasks.git,Java,518,33512
https://github.com/apache/ant-antlibs-vss.git,Java,15,4247
https://github.com/apache/ant-antlibs-common.git,XSLT,109,5788
https://github.com/apache/aries-antora-ui.git,HTML,8,455
https://github.com/apache/infrastructure-quota-agent.git,,1,332
https://github.com/apache/dolphinscheduler-maven-plugin.git,Java,82,8507
https://github.com/apache/incubator-toree-website.git,CSS,86,25152
https://github.com/apache/infrastructure-uninstaller.git,Python,6,353
https://github.com/apache/airavata-mft-portal.git,Python,38,99104
https://github.com/apache/maven-jmod-plugin.git,Java,85,11861
https://github.com/apache/foundation-site.git,CSS,6,29233
https://github.com/apache/openwebbeans-peeco.git,Java,3,4787
https://github.com/apache/logging-log4j-audit-site.git,,1,15
https://github.com/apache/servicemix-website.git,CSS,257,26599
https://github.com/apache/axis-axis2-c-core.git,C,7155,3150482
https://github.com/apache/incubator-retired-tamaya-site.git,CSS,276,69883
https://github.com/apache/geronimo-health.git,Java,18,1501
https://github.com/apache/couchdb-admin.git,Shell,145,6536
https://github.com/apache/santuario-java.git,Java,2922,1501392
https://github.com/apache/opennlp-sandbox.git,Java,520,1110021
https://github.com/apache/opennlp-addons.git,Java,65,18138
https://github.com/apache/struts-archetypes.git,Java,61,197836
../repo_buffer/xalan-site,XSLT,53,8029587
https://github.com/apache/shardingsphere-elasticjob-example.git,Java,7,1800
https://github.com/apache/shardingsphere-elasticjob-doc.git,HTML,12,20960
https://github.com/apache/cordova-contribute.git,,21,1096
https://github.com/apache/infrastructure-testapp.git,Python,13,249
https://github.com/apache/incubator-sdap-ingester.git,Python,193,25970
https://github.com/apache/fineract-cn-teller.git,Java,138,42398
https://github.com/apache/archiva-site.git,CSS,99,5829
https://github.com/apache/geronimo-opentracing.git,Java,60,10918
https://github.com/apache/cordova-mobile-spec.git,JavaScript,846,155079
https://github.com/apache/infrastructure-gnomebot.git,,1,203
https://github.com/apache/infrastructure-gitbox-reposyncer.git,,5,256
https://github.com/apache/infrastructure-flup-auth.git,,1,203
https://github.com/apache/airflow-client-java.git,,3,44
https://github.com/apache/airflow-client-javascript.git,,3,44
https://github.com/apache/oltu.git,Java,860,96642
https://github.com/apache/incubator-retired-tamaya-extensions.git,Java,1618,453369
https://github.com/apache/nifi-container.git,,2,272
https://github.com/apache/puppet-postfix.git,HTML,138,5867
https://github.com/apache/openwebbeans-meecrowave-examples.git,Java,34,5089
https://github.com/apache/incubator-streampipes-extensions.git,Java,1421,471064
https://github.com/apache/cxf-build-utils.git,Java,118,7099
https://github.com/apache/logging-log4j-audit.git,Java,145,103577
https://github.com/apache/ignite-web-console.git,JavaScript,796,707261
https://github.com/apache/vcl-site.git,HTML,695,65093
https://github.com/apache/incubator-pagespeed-drp.git,Python,41,24971
https://github.com/apache/sentry.git,Java,1542,702752
https://github.com/apache/fineract-cn-lang.git,Java,80,8432
https://github.com/apache/fineract-cn-test.git,Java,63,7411
https://github.com/apache/fineract-cn-cassandra.git,Java,25,3651
https://github.com/apache/fineract-cn-async.git,Java,33,2268
https://github.com/apache/incubator-nlpcraft-ui.git,TypeScript,16,3083
https://github.com/apache/puppet-module-ssh.git,Ruby,428,37326
https://github.com/apache/fineract-cn-demo-server.git,Java,146,18186
https://github.com/apache/fineract-cn-default-setup.git,Java,32,1735
https://github.com/apache/incubator-taverna-common-activities.git,Java,855,671467
https://github.com/apache/openwhisk-test.git,JavaScript,15,1104
https://github.com/apache/geronimo-safeguard.git,Java,54,15937
https://github.com/apache/axis-axis1-site-src.git,,4,6540
https://github.com/apache/trafodion-site.git,HTML,2,176422
https://github.com/apache/fineract-cn-postgresql.git,Java,18,2794
https://github.com/apache/fineract-cn-service-starter.git,Java,46,3367
https://github.com/apache/fineract-cn-identity.git,Java,139,48979
https://github.com/apache/fineract-cn-permitted-feign-client.git,Java,35,5922
https://github.com/apache/tajo.git,Java,2275,1986950
https://github.com/apache/servicecomb-fence.git,Java,26,14127
https://github.com/apache/fineract-cn-group.git,Java,53,21627
https://github.com/apache/fineract-cn-notifications.git,Java,56,52653
https://github.com/apache/fineract-cn-cheques.git,Java,46,10870
https://github.com/apache/incubator-marvin-website.git,HTML,94,106396
https://github.com/apache/incubator-s2graph.git,Scala,1681,858793
https://github.com/apache/incubator-taverna-databundle-viewer.git,Ruby,127,15313
https://github.com/apache/incubator-taverna-mobile.git,Java,699,299830
https://github.com/apache/incubator-taverna-engine.git,Java,2267,1033665
https://github.com/apache/incubator-taverna-commandline.git,Java,373,58391
https://github.com/apache/incubator-taverna-workbench.git,Java,2525,1312280
https://github.com/apache/incubator-taverna-workbench-product.git,Shell,79,6900
https://github.com/apache/incubator-taverna-workbench-common-activities.git,Java,502,158595
https://github.com/apache/incubator-taverna-server.git,Java,819,252659
https://github.com/apache/incubator-taverna-osgi.git,Java,195,48317
https://github.com/apache/incubator-taverna-plugin-gis.git,Java,19,3827
https://github.com/apache/incubator-taverna-language.git,Java,3560,1332576
https://github.com/apache/incubator-taverna-maven-parent.git,,272,7993
https://github.com/apache/twill.git,Java,294,73455
https://github.com/apache/incubator-sdap-ningesterpy.git,Python,29,5463
https://github.com/apache/any23-server.git,Java,4,6471
https://github.com/apache/axis-axis1-c.git,C++,6378,2114183
https://github.com/apache/flex-utilities.git,HTML,807,1805631
https://github.com/apache/serf.git,C,1881,167059
https://github.com/apache/comdev-wwwsite.git,Python,3,218
https://github.com/apache/uima-as_old.git,Java,1811,318427
https://github.com/apache/axis-axis2-java-kandula.git,Java,125,56715
https://github.com/apache/axis-axis2-java-sandesha.git,Java,884,312366
https://github.com/apache/axis-axis2-java-savan.git,Java,36,24350
https://github.com/apache/axis-axis2-java-transports.git,Java,406,156379
https://github.com/apache/axis-axis2-c-rampart.git,C,1257,276028
https://github.com/apache/axis-axis2-c-sandesha.git,C,970,326422
https://github.com/apache/axis-axis2-c-savan.git,C,393,604763
https://github.com/apache/couchdb-couch-dbupdates.git,Erlang,7,492
https://github.com/apache/asterixdb-hyracks.git,Java,2594,6394009
\00\00\00\00\00\00\00\00\00\00\00\00\00\00\00\00\00\00\00\00\00\00\00\00\00\00\00\00\00\00\00\00\00\00\00\00\00\00\00\00\00\00\00\00\00\00\00\00\00\00\00\00\00\00\00\00\00\00\00\00\00\00\00\00\00\00\00\00\00\00\00\00\00\00\00\00\00\00\00\00\00\00\00\00\00\00\00\00\00\00\00\00\00\00\00\00\00\00\00\00\00\00\00\00\00\00\00\00\00\00\00\00\00\00\00\00\00\00\00\00\00\00\00\00\00\00\00\00\00\00\00\00\00\00\00\00\00\00\00\00\00\00\00\00\00\00\00\00\00\00\00\00\00\00\00\00\00\00\00\00\00\00\00\00\00\00\00\00\00\00\00\00\00\00\00\00\00\00\00\00\00\00\00\00\00\00\00\00\00\00\00\00\00\00\00\00\00\00\00\00\00\00\00\00\00\00\00\00\00\00\00\00\00\00\00\00\00\00\00\00\00\00\00\00\00\00\00\00\00\00\00\00\00\00\00\00\00\00\00\00\00\00\00\00\00\00\00\00\00\00\00\00\00\00\00\00\00\00\00\00\00\00\00\00\00\00\00\00\00\00\00\00\00\00\00\00\00\00\00\00\00\00\00\00\00\00\00\00\00\00\00\00\00\00\00\00\00\00\00\00\00\00\00\00\00\00\00\00\00\00\00\00\00\00\00\00\00\00\00\00\00\00\00\00\00\00\00\00\00\00\00\00\00\00\00\00\00\00\00\00\00\00\00\00\00\00\00\00\00\00\00\00\00\00\00\00\00\00\00\00\00\00\00\00\00\00\00\00\00\00\00\00\00\00\00\00\00\00\00\00\00\00\00\00\00\00\00\00\00\00\00\00\00\00\00\00\00\00\00\00\00\00\00\00\00\00\00\00\00\00\00\00\00\00\00\00\00\00\00\00\00\00\00\00\00\00\00\00\00\00\00\00\00\00\00\00\00\00\00\00\00\00\00\00\00\00\00\00\00\00\00\00\00\00\00\00\00\00\00\00\00\00\00\00\00\00\00\00\00\00\00\00\00\00\00\00\00\00\00\00\00\00\00\00\00\00\00\00\00\00\00\00\00\00\00\00\00\00\00\00\00\00\00\00\00\00\00\00\00\00\00\00\00\00\00\00\00\00\00\00\00\00\00\00\00\00\00\00\00\00\00\00\00\00\00\00\00\00\00\00\00\00\00\00\00\00\00\00\00\00\00\00\00\00\00\00\00\00\00\00\00\00\00\00\00\00\00\00\00\00\00\00\00\00\00\00\00\00\00\00\00\00\00\00\00\00\00\00\00\00\00\00\00\00\00\00\00\00\00\00\00\00\00\00\00\00\00\00\00\00\00\00\00\00\00\00\00\00\00\00\00\00\00\00\00\00\00\00\00\00\00\00\00\00\00\00\00\00\00\00\00\00\00\00\00\00\00\00\00\00\00\00\00\00\00\00\00\00\00\00\00\00\00\00\00\00\00\00\00\00\00\00\00\00\00\00\00\00\00\00\00\00\00\00\00\00\00\00\00\00\00\00\00\00\00\00\00\00\00\00\00\00\00\00\00\00\00\00\00\00\00\00\00\00\00\00\00\00\00\00\00\00\00\00\00\00\00\00\00\00\00\00\00\00\00\00\00\00\00\00\00\00\00\00\00\00\00\00\00\00\00\00\00\00\00\00\00\00\00\00\00\00\00\00\00\00\00\00\00\00\00\00\00\00\00\00\00\00\00\00\00\00\00\00\00\00\00\00\00\00\00\00\00\00\00\00\00\00\00\00\00\00\00\00\00\00\00\00\00\00\00\00\00\00\00\00\00\00\00\00\00\00\00\00\00\00\00\00\00\00\00\00\00\00\00\00\00\00\00\00\00\00\00\00\00\00\00\00\00\00\00\00\00\00\00\00\00\00\00\00\00\00\00\00\00\00\00\00\00\00\00\00\00\00\00\00\00\00\00\00\00\00\00\00\00\00\00\00\00\00\00\00\00\00\00\00\00\00\00\00\00\00\00\00\00\00\00\00\00\00\00\00\00\00\00\00\00\00\00\00\00\00\00\00\00\00\00\00\00\00\00\00\00\00\00\00\00\00\00\00\00\00\00\00\00\00\00\00\00\00\00\00\00\00\00\00\00\00\00\00\00\00\00\00\00\00\00\00\00\00\00\00\00\00\00\00\00\00\00\00\00\00\00\00\00\00\00\00\00\00\00\00\00\00\00\00\00\00\00\00\00\00\00\00\00\00\00\00\00\00\00\00\00\00\00\00\00\00\00\00\00\00\00\00\00\00\00\00\00\00\00\00\00\00\00\00\00\00\00\00\00\00\00\00\00\00\00\00\00\00\00\00\00\00\00\00\00\00\00\00\00\00\00\00\00\00\00\00\00\00\00\00\00\00\00\00\00\00\00\00\00\00\00\00\00\00\00\00\00\00\00\00\00\00\00\00\00\00\00\00\00\00\00\00\00\00\00\00\00\00\00\00\00\00\00\00\00\00\00\00\00\00\00\00\00\00\00\00\00\00\00\00\00\00\00\00\00\00\00\00\00\00\00\00\00\00\00\00\00\00\00\00\00\00\00\00\00\00\00\00\00\00\00\00\00\00\00\00\00\00\00\00\00\00\00\00\00\00\00\00\00\00\00\00\00\00\00\00\00\00\00\00\00\00\00\00\00\00\00\00\00\00\00\00\00\00\00\00\00\00\00\00\00\00\00\00\00\00\00\00\00\00\00\00\00\00\00\00\00\00\00\00\00\00\00\00\00\00\00\00\00\00\00\00\00\00\00\00\00\00\00\00\00\00\00\00\00\00\00\00\00\00\00\00\00\00\00\00\00\00\00\00\00\00\00\00\00\00\00\00\00\00\00\00\00\00\00\00\00\00\00\00\00\00\00\00\00\00\00\00\00\00\00\00\00\00\00\00\00\00\00\00\00\00\00\00\00\00\00\00\00\00\00\00\00\00\00\00\00\00\00\00\00\00\00\00\00\00\00\00\00\00\00\00\00\00\00\00\00\00\00\00\00\00\00\00\00\00\00\00\00\00\00\00\00\00\00\00\00\00\00\00\00\00\00\00\00\00\00\00\00\00\00\00\00\00\00\00\00\00\00\00\00\00\00\00\00\00\00\00\00\00\00\00\00\00\00\00\00\00\00\00\00\00\00\00\00\00\00\00\00\00\00\00\00\00\00\00\00\00\00\00\00\00\00\00\00\00\00\00\00\00\00\00\00\00\00\00\00\00\00\00\00\00\00\00\00\00\00\00\00\00\00\00\00\00\00\00\00\00\00\00\00\00\00\00\00\00\00\00\00\00\00\00\00\00\00\00\00\00\00\00\00\00\00\00\00\00\00\00\00\00\00\00\00\00\00\00\00\00\00\00\00\00\00\00\00\00\00\00\00\00\00\00\00\00\00\00\00\00\00\00\00\00\00\00\00\00\00\00\00\00\00\00\00\00\00\00\00\00\00\00\00\00\00\00\00\00\00\00\00\00\00\00\00\00\00\00\00\00\00\00\00\00\00\00\00\00\00\00\00\00\00\00\00\00\00\00\00\00\00\00\00\00\00\00\00\00\00\00\00\00\00\00\00\00\00\00\00\00\00\00\00\00\00\00\00\00\00\00\00\00\00\00\00\00\00\00\00\00\00\00\00\00\00\00\00\00\00\00\00\00\00\00\00\00\00\00\00\00\00\00\00\00\00\00\00\00\00\00\00\00\00\00\00\00\00\00\00\00\00\00\00\00\00\00\00\00\00\00\00\00\00\00\00\00\00\00\00\00\00\00\00\00\00\00\00\00\00\00\00\00\00\00\00\00\00\00\00\00\00\00\00\00\00\00\00\00\00\00\00\00\00\00\00\00\00\00\00\00\00\00\00\00\00\00\00\00\00\00\00\00\00\00\00\00\00\00\00\00\00\00\00\00\00\00\00\00\00\00\00\00\00\00\00\00\00\00\00\00\00\00\00\00\00\00\00\00\00\00\00\00\00\00\00\00\00\00\00\00\00\00\00\00\00\00\00\00\00\00\00\00\00\00\00\00\00\00\00\00\00\00\00\00\00\00\00\00\00\00\00\00\00\00\00\00\00\00\00\00\00\00\00\00\00\00\00\00\00\00\00\00\00\00\00\00\00\00\00\00\00\00\00\00\00\00\00\00\00\00\00\00\00\00\00\00\00\00\00\00\00\00\00\00\00\00\00\00\00\00\00\00\00\00\00\00\00\00\00\00\00\00\00\00\00\00\00\00\00\00\00\00\00\00\00\00\00\00\00\00\00\00\00\00\00\00\00\00\00\00\00\00\00\00\00\00\00\00\00\00\00\00\00\00\00\00\00\00\00\00\00\00\00\00\00\00\00\00\00\00\00\00\00\00\00\00\00\00\00\00\00\00\00\00\00\00\00\00\00\00\00\00\00\00\00\00\00\00\00\00\00\00\00\00\00\00\00\00\00\00\00\00\00\00\00\00\00\00\00\00\00\00\00\00\00\00\00\00\00\00\00\00\00\00\00\00\00\00\00\00\00\00\00\00\00\00\00\00\00\00\00\00\00\00\00\00\00\00\00\00\00\00\00\00\00\00\00\00\00\00\00\00\00\00\00\00\00\00\00\00\00\00\00\00\00\00\00\00\00\00\00\00\00\00\00\00\00\00\00\00\00\00\00\00\00\00\00\00\00\00\00\00\00\00\00\00\00\00\00\00\00\00\00\00\00\00\00\00\00\00\00\00\00\00\00\00\00\00\00\00\00\00\00\00\00\00\00\00\00\00\00\00\00\00\00\00\00\00\00\00\00\00\00\00\00\00\00\00\00\00\00\00\00\00\00\00\00\00\00\00\00\00\00\00\00\00\00\00\00\00\00\00\00\00\00\00\00\00\00\00\00\00\00\00\00\00\00\00\00\00\00\00\00\00\00\00\00\00\00\00\00\00\00\00\00\00\00\00\00\00\00\00\00\00\00\00\00\00\00\00\00\00\00\00\00\00\00\00\00\00\00\00\00\00\00\00\00\00\00\00\00\00\00\00\00\00\00\00\00\00\00\00\00\00\00\00\00\00\00\00\00\00\00\00\00\00\00\00\00\00\00\00\00\00\00\00\00\00\00\00\00\00\00\00\00\00\00\00\00\00\00\00\00\00\00\00\00\00\00\00\00\00\00\00\00\00\00\00\00\00\00\00\00\00\00\00\00\00\00\00\00\00\00\00\00\00\00\00\00\00\00\00\00\00\00\00\00\00\00\00\00\00\00\00\00\00\00\00\00\00\00\00\00\00\00\00\00\00\00\00\00\00\00\00\00\00\00\00\00\00\00\00\00\00\00\00\00\00\00\00\00\00\00\00\00\00\00\00\00\00\00\00\00\00\00\00\00\00\00\00\00\00\00\00\00\00\00\00\00\00\00\00\00\00\00\00\00\00\00\00\00\00\00\00\00\00\00\00\00\00\00\00\00\00\00\00\00\00\00\00\00\00\00\00\00\00\00\00\00\00\00\00\00\00\00\00\00\00\00\00\00\00\00\00\00\00\00\00\00\00\00\00\00\00\00\00\00\00\00\00\00\00\00\00\00\00\00\00\00\00\00\00\00\00\00\00\00\00\00\00\00\00\00\00\00\00\00\00\00\00\00\00\00\00\00\00\00\00\00\00\00\00\00\00\00\00\00\00\00\00\00\00\00\00\00\00\00\00\00\00\00\00\00\00\00\00\00\00\00\00\00\00\00\00\00\00\00\00\00\00\00\00\00\00\00\00\00\00\00\00\00\00\00\00\00\00\00\00\00\00\00\00\00\00\00\00\00\00\00\00\00\00\00\00\00\00\00\00\00\00\00\00\00\00\00\00\00\00\00\00\00\00\00\00\00\00\00\00\00\00\00\00\00\00\00\00\00\00\00\00\00\00\00\00\00\00\00\00\00\00\00\00\00\00\00\00\00\00\00\00\00\00\00\00\00\00\00\00\00\00\00\00\00\00\00\00\00\00\00\00\00\00\00\00\00\00\00\00\00\00\00\00\00\00\00\00\00\00\00\00\00\00\00\00\00\00\00\00\00\00\00\00\00\00\00\00\00\00\00\00\00\00\00\00\00\00\00\00\00\00\00\00\00\00\00\00\00\00\00\00\00\00\00\00\00\00\00\00\00\00\00\00\00\00\00\00\00\00\00\00\00\00\00\00\00\00\00\00\00\00\00\00\00\00\00\00\00\00\00\00\00\00\00\00\00\00\00\00\00\00\00\00\00\00\00\00\00\00\00\00\00\00\00\00\00\00\00\00\00\00\00\00\00\00\00\00\00\00\00\00\00\00\00\00\00\00\00\00\00\00\00\00\00\00\00\00\00\00\00\00\00\00\00\00\00\00\00\00\00\00\00\00\00\00\00\00\00\00\00\00\00\00\00\00\00\00\00\00\00\00\00\00\00\00\00\00\00\00\00\00\00\00\00\00\00\00\00\00\00\00\00\00\00\00\00\00\00\00\00https://github.com/apache/struts1.git,Java,7,18817
https://github.com/apache/struts1.git,Java,5265,3425396
https://github.com/apache/incubator-optiq-csv.git,Java,70,5761
https://github.com/apache/incubator-optiq-linq4j.git,Java,205,99742
https://github.com/apache/myfaces-html5.git,Java,77,39266
https://github.com/apache/hama.git,Java,1595,587933
https://github.com/apache/myfaces-extcdi.git,Java,1132,180017
https://github.com/apache/incubator-sdap-mudrod.git,Java,78,51265
https://github.com/apache/myfaces-extval.git,,518,161034
https://github.com/apache/servicemix4-bundles.git,Java,7583,375963
https://github.com/apache/tuscany-das.git,Java,434,268329
https://github.com/apache/maven-2.git,Java,5638,821094
https://github.com/apache/stanbol.git,Java,3404,4245193
https://github.com/apache/cxf-dosgi.git,Java,809,198224
https://github.com/apache/struts-annotations.git,Java,71,7202
https://github.com/apache/fineract-cn-fims-web-app.git,TypeScript,476,355270
https://github.com/apache/incubator-samoa.git,Java,118,232402
https://github.com/apache/apisix-dashboard-built.git,CSS,16,5714
https://github.com/apache/incubator-atlas.git,Java,1739,911978
https://github.com/apache/incubator-brooklyn.git,Java,13002,5563908
https://github.com/apache/marmotta.git,Java,2276,3089903
https://github.com/apache/aries-journaled-events.git,Java,55,5904
https://github.com/apache/felix.git,,15556,5358090
https://github.com/apache/hadoop-common.git,Java,10509,8745410
https://github.com/apache/arrow-dist.git,Shell,60,5697
https://github.com/apache/archiva-redback-components-parent.git,,145,2158
https://github.com/apache/commons-skin.git,JavaScript,99,11603
https://github.com/apache/archiva-redback-site.git,Shell,98,4972
https://github.com/apache/incubator-sdap-edge.git,Python,15,26506
https://github.com/apache/rocketmq-ons.git,Java,27,9848
https://github.com/apache/incubator-milagro-dta.git,Go,70,42190
https://github.com/apache/aurora-packaging.git,Shell,101,5215
https://github.com/apache/couchdb-ken.git,Erlang,14,1058
https://github.com/apache/couchdb-smoosh.git,Erlang,8,2104
https://github.com/apache/archiva-redback-components-modello-plugins.git,,64,29357
https://github.com/apache/maven-doxia-tools.git,Java,331,107658
https://github.com/apache/incubator-retired-tamaya-sandbox.git,Java,527,187264
https://github.com/apache/aurora-website.git,HTML,5,593064
https://github.com/apache/struts-master.git,,88,1628
https://github.com/apache/xerces-c-admin.git,,6,411
https://github.com/apache/ode.git,Java,3823,2402480
https://github.com/apache/httpcomponents-stylecheck.git,,23,493
https://github.com/apache/drat.git,JavaScript,610,6275483
https://github.com/apache/ant-ivyde.git,Java,847,161967
https://github.com/apache/incubator-milagro.git,HTML,119,1682324
https://github.com/apache/tapestry3.git,Java,1984,2167398
https://github.com/apache/tuscany-sdo.git,Java,530,554616
https://github.com/apache/tiles.git,Java,1465,983437
https://github.com/apache/incubator-twill.git,Java,184,56655
https://github.com/apache/mina-asyncweb.git,Java,131,59347
https://github.com/apache/servicemix5.git,CSS,115,100707
https://github.com/apache/pluto.git,,1921,3145844
https://github.com/apache/servicemix3.git,Java,2968,1273642
https://github.com/apache/servicemix4-kernel.git,Java,526,93843
https://github.com/apache/geronimo.git,Java,13137,6806788
https://github.com/apache/dubbo-sentinel-support.git,Java,8,1960
https://github.com/apache/incubator-myriad.git,Java,439,385093
https://github.com/apache/rocketmq-ons-cpp.git,C++,54,48142
https://github.com/apache/incubator-retired-edgent.git,Java,1398,733955
https://github.com/apache/rocketmq-remoting.git,Java,40,16165
https://github.com/apache/incubator-retired-zipkin-website.git,HTML,239,14786
https://github.com/apache/lens.git,Java,2449,1027934
https://github.com/apache/distributedlog.git,Java,249,478966
https://github.com/apache/tiles-autotag.git,Java,121,29107
https://github.com/apache/uima-ducc.git,Java,4897,2507917
https://github.com/apache/ws-parent.git,,20,277
https://github.com/apache/incubator-retired-tamaya.git,Java,1575,488447
https://github.com/apache/maven-plugins.git,Java,15063,2170542
https://github.com/apache/incubator-batchee.git,Java,273,146686
../repo_buffer/ctakes,Java,2502,22241698
https://github.com/apache/apache.github.io.git,HTML,4,223
https://github.com/apache/any23-plugins.git,Java,3,7986
https://github.com/apache/archiva-redback-components-expression-evaluator.git,,41,1912
https://github.com/apache/archiva-redback-components-spring-apacheds.git,,48,2210
https://github.com/apache/archiva-redback-components-spring-registry.git,,95,14478
https://github.com/apache/archiva-redback-components-spring-cache.git,,106,12598
https://github.com/apache/archiva-redback-components-spring-taskqueue.git,,46,5208
https://github.com/apache/archiva-redback-components-spring-quartz.git,,57,3886
https://github.com/apache/maven-osgi.git,Java,50,1207
https://github.com/apache/chemistry-cmislib.git,Python,117,55191
https://github.com/apache/comdev-projects.git,HTML,557,514452
https://github.com/apache/comdev-reporter.git,Python,34,13191
https://github.com/apache/infrastructure-staging-test.git,HTML,33,226
https://github.com/apache/incubator-weex-android-compatible.git,,6,602
https://github.com/apache/groovy-user-site.git,Groovy,2,50115
https://github.com/apache/xalan-java.git,Java,4563,1397465
https://github.com/apache/incubator-milagro-crypto-js.git,JavaScript,61,165908
https://github.com/apache/servicemix-documentation.git,JavaScript,96,42252
https://github.com/apache/servicemix-pom.git,,46,1098
https://github.com/apache/jackrabbit-ocm.git,Java,395,142353
https://github.com/apache/archiva-redback-components-spring-utils.git,Java,58,1526
https://github.com/apache/fineract-cn-mariadb.git,Java,37,3512
https://github.com/apache/archiva-redback-components-site.git,Shell,7,650
https://github.com/apache/archiva-redback-components-redback-features.git,,25,473
https://github.com/apache/incubator-retired-amaterasu.git,Kotlin,811,715263
https://github.com/apache/continuum.git,Java,4870,870235
https://github.com/apache/servicemix4-features.git,Java,1085,162542
https://github.com/apache/incubator-sentry.git,Java,713,291521
https://github.com/apache/manifoldcf-integration-solr-3.x.git,Java,2141,3178013
https://github.com/apache/struts-sandbox.git,Java,1877,1958655
https://github.com/apache/servicemix4-nmr.git,Java,678,110862
https://github.com/apache/maven-sandbox.git,Java,2314,1249014
https://github.com/apache/manifoldcf-integration-solr-4.x.git,Java,3376,2940070
https://github.com/apache/shindig.git,Java,4786,1422836
https://github.com/apache/servicemix-utils.git,Java,134,23837
https://github.com/apache/directmemory.git,Java,642,142365
https://github.com/apache/tapestry4.git,Java,3792,4367590
https://github.com/apache/uima-addons.git,Java,115,446464
https://github.com/apache/openwhisk-deploy-openshift.git,Shell,216,22102
https://github.com/apache/xalan-j.git,Java,4561,1392603
https://github.com/apache/ant-antlibs-dotnet.git,Java,85,21001
https://github.com/apache/ant-antlibs-compress.git,Java,322,46999
https://github.com/apache/incubator-milagro-mfa-server.git,C++,31,44866
https://github.com/apache/infrastructure-relaytest.git,,23,1425299
https://github.com/apache/predictionio-template-skeleton.git,Scala,19,716
https://github.com/apache/predictionio-template-similar-product.git,Scala,37,1625
https://github.com/apache/predictionio-template-recommender.git,Scala,34,1348
https://github.com/apache/predictionio-template-ecom-recommender.git,Scala,36,3576
https://github.com/apache/metamodel-membrane.git,Java,49,9831
https://github.com/apache/incubator-taverna-site.git,HTML,1319,3667904
https://github.com/apache/maven-ant-plugin.git,Java,234,21766
https://github.com/apache/uima-build.git,XSLT,490,44510
https://github.com/apache/predictionio-template-text-classifier.git,Scala,150,1116950
https://github.com/apache/airflow-ci.git,Dockerfile,46,670
https://github.com/apache/maven-downloader.git,Java,54,854
https://github.com/apache/incubator-milagro-crypto.git,C,26,1254480
https://github.com/apache/maven-shared.git,Java,3387,476938
https://github.com/apache/tomee-site.git,HTML,1143,30884031
https://github.com/apache/aries-site.git,HTML,2,18463
https://github.com/apache/infrastructure-ci-specs.git,Python,14,374
https://github.com/apache/puppet-etherpad_lite.git,Puppet,102,3497
https://github.com/apache/maven-repository-builder-retired.git,Java,78,4142
https://github.com/apache/pivot.git,Java,4660,1066727
https://github.com/apache/sis.git,Java,7492,4466922
https://github.com/apache/any23.git,HTML,1999,729282
https://github.com/apache/ofbiz-tools.git,HTML,199,372995
https://github.com/apache/httpasyncclient.git,Java,379,94866
https://github.com/apache/maven-runtime.git,Java,117,5803
https://github.com/apache/onami.git,Java,744,129984
https://github.com/apache/incubator-retired-cmda.git,JavaScript,202,1434132
https://github.com/apache/sling-org-apache-sling-feature-applicationbuilder.git,Java,50,1714
https://github.com/apache/sling-org-apache-sling-bnd-plugins.git,Java,5,586
https://github.com/apache/comdev-helpwanted.git,CoffeeScript,89,5358
https://github.com/apache/karaf-jclouds-cli.git,Java,187,7699
https://github.com/apache/usergrid-nodejs.git,JavaScript,159,31446
https://github.com/apache/karaf-jclouds.git,Java,620,67346
https://github.com/apache/cordova-plugin-console.git,JavaScript,152,4554
https://github.com/apache/cordova-plugin-legacy-whitelist.git,Objective-C,29,1258
https://github.com/apache/couchdb-triq.git,Erlang,350,25574
https://github.com/apache/httpd-docs-build.git,Perl,63,6939
